[
  {
    "Language": "http://dbpedia.org/resource/P\u2032\u2032",
    "Properties": [
      {
        "Property": "http://www.w3.org/1999/02/22-rdf-syntax-ns#type",
        "Values": [
          "http://schema.org/Language",
          "http://www.wikidata.org/entity/Q315",
          "http://dbpedia.org/class/yago/ArtificialLanguage106894544",
          "http://dbpedia.org/class/yago/Communication100033020",
          "http://dbpedia.org/class/yago/Language106282651",
          "http://dbpedia.org/class/yago/ProgrammingLanguage106898352",
          "http://dbpedia.org/ontology/ProgrammingLanguage",
          "http://dbpedia.org/ontology/Language",
          "http://www.w3.org/2002/07/owl#Thing",
          "http://www.wikidata.org/entity/Q9143",
          "http://dbpedia.org/class/yago/Abstraction100002137"
        ]
      },
      {
        "Property": "http://www.w3.org/2000/01/rdf-schema#label",
        "Values": [
          "P\u2032\u2032"
        ]
      },
      {
        "Property": "http://www.w3.org/2000/01/rdf-schema#comment",
        "Values": [
          "P\u2032\u2032 \u00e9 uma linguagem de programa\u00e7\u00e3o primitiva criada por Corrado B\u00f6hm em 1964 para descrever uma fam\u00edlia de M\u00e1quinas de Turing. Foi a primeira linguagem de programa\u00e7\u00e3o sem instru\u00e7\u00e3o estruturada Ir Para a ser provada Turing completa.",
          "(denotado tambi\u00e9n simplemente P\u2032\u2032) es un lenguaje de programaci\u00f3n esot\u00e9rico, creado por Corrado B\u00f6hm\u200b\u200b en 1964 para describir a una familia de m\u00e1quinas de Turing.",
          "P\u2032\u2032 \uff08P double prime\uff1a\u30d4\u30fc\u30c0\u30d6\u30eb\u30d7\u30e9\u30a4\u30e0\uff09\u306f1964\u5e74\u306b\u30b3\u30e9\u30c9\u30fb\u30d9\u30fc\u30e0\u306b\u3088\u3063\u3066\u4f5c\u6210\u3055\u308c\u305f\u3001\u30c1\u30e5\u30fc\u30ea\u30f3\u30b0\u30de\u30b7\u30f3\u306e\u4e00\u7a2e\u3092\u8a18\u8ff0\u3059\u308b\u305f\u3081\u306e\u8a00\u8a9e\u3067\u3042\u308b\u3002 \u30c1\u30e5\u30fc\u30ea\u30f3\u30b0\u30de\u30b7\u30f3\u3092\u8a18\u8ff0\u3059\u308b\u304c\u3086\u3048\u306b\u305d\u306e\u4ed5\u69d8\u306f\u539f\u59cb\u7684\u3067\u3042\u308b\u3002\u30c1\u30e5\u30fc\u30ea\u30f3\u30b0\u30de\u30b7\u30f3\u306b\u3082\u304b\u304b\u308f\u3089\u305a\u3001\u72b6\u614b\u9077\u79fb\u306f\u30c6\u30fc\u30d7\u306e\u5185\u5bb9\u3068\u30c6\u30fc\u30d7\u30d8\u30c3\u30c9\u306e\u4f4d\u7f6e\u3060\u3051\u3067\u8868\u73fe\u3055\u308c\u308b\u306e\u3067\u3001\u6709\u9650\u30aa\u30fc\u30c8\u30de\u30c8\u30f3\u306e\u6982\u5ff5\u304c\u5e0c\u8584\u3067\u3042\u308b\u3002",
          "P\u2032\u2032 \u2014 \u043d\u0438\u0437\u044c\u043a\u043e\u0440\u0456\u0432\u043d\u0435\u0432\u0430 \u043c\u043e\u0432\u0430 \u043f\u0440\u043e\u0433\u0440\u0430\u043c\u0443\u0432\u0430\u043d\u043d\u044f, \u044f\u043a\u0443 \u0441\u0442\u0432\u043e\u0440\u0438\u0432 1964 \u0440\u043e\u043a\u0443 .",
          "P\u2032\u2032 \u2014 \u043d\u0438\u0437\u043a\u043e\u0443\u0440\u043e\u0432\u043d\u0435\u0432\u044b\u0439 \u044f\u0437\u044b\u043a \u043f\u0440\u043e\u0433\u0440\u0430\u043c\u043c\u0438\u0440\u043e\u0432\u0430\u043d\u0438\u044f, \u0441\u043e\u0437\u0434\u0430\u043d\u043d\u044b\u0439 \u0432 1964 \u0433\u043e\u0434\u0443 \u041a\u043e\u0440\u0440\u0430\u0434\u043e \u0411\u0451\u043c\u043e\u043c.",
          "P\u2032\u2032 (P double prime) is a primitive computer programming language created by Corrado B\u00f6hm in 1964 to describe a family of Turing machines."
        ]
      },
      {
        "Property": "http://xmlns.com/foaf/0.1/name",
        "Values": [
          "",
          "P\u2032\u2032"
        ]
      },
      {
        "Property": "http://dbpedia.org/property/name",
        "Values": [
          "P\u2032\u2032"
        ]
      },
      {
        "Property": "http://purl.org/dc/terms/subject",
        "Values": [
          "http://dbpedia.org/resource/Category:Models_of_computation",
          "http://dbpedia.org/resource/Category:Academic_programming_languages",
          "http://dbpedia.org/resource/Category:Experimental_programming_languages"
        ]
      },
      {
        "Property": "http://dbpedia.org/ontology/wikiPageID",
        "Values": [
          "2242844"
        ]
      },
      {
        "Property": "http://dbpedia.org/ontology/wikiPageRevisionID",
        "Values": [
          "1115439484"
        ]
      },
      {
        "Property": "http://dbpedia.org/ontology/wikiPageWikiLink",
        "Values": [
          "http://dbpedia.org/resource/Function_composition",
          "http://dbpedia.org/resource/Iterated_function",
          "http://dbpedia.org/resource/Category:Models_of_computation",
          "http://dbpedia.org/resource/Turing-complete",
          "http://dbpedia.org/resource/Programming_language",
          "http://dbpedia.org/resource/GOTO",
          "http://dbpedia.org/resource/While_loop",
          "http://dbpedia.org/resource/Permutation",
          "http://dbpedia.org/resource/Turing_machine",
          "http://dbpedia.org/resource/Brainfuck",
          "http://dbpedia.org/resource/Imperative_programming",
          "http://dbpedia.org/resource/Bijective_numeration",
          "http://dbpedia.org/resource/Category:Experimental_programming_languages",
          "http://dbpedia.org/resource/Predicate_(mathematical_logic)",
          "http://dbpedia.org/resource/Structured_programming",
          "http://dbpedia.org/resource/Corrado_B\u00f6hm",
          "http://dbpedia.org/resource/99_Bottles_of_Beer",
          "http://dbpedia.org/resource/Category:Academic_programming_languages",
          "http://dbpedia.org/resource/Computable_function"
        ]
      },
      {
        "Property": "http://dbpedia.org/ontology/wikiPageExternalLink",
        "Values": [
          "http://www.mathiaselsner.de/esolangs/EN/P_dblp_99btls.html"
        ]
      },
      {
        "Property": "http://www.w3.org/2002/07/owl#sameAs",
        "Values": [
          "http://ja.dbpedia.org/resource/P\u2032\u2032",
          "https://global.dbpedia.org/id/yEQz",
          "http://pt.dbpedia.org/resource/P\u2032\u2032",
          "http://rdf.freebase.com/ns/m.06ypf2",
          "http://www.wikidata.org/entity/Q2072087",
          "http://uk.dbpedia.org/resource/P\u2032\u2032",
          "http://es.dbpedia.org/resource/P\u2032\u2032",
          "http://ru.dbpedia.org/resource/P\u2032\u2032"
        ]
      },
      {
        "Property": "http://dbpedia.org/property/wikiPageUsesTemplate",
        "Values": [
          "http://dbpedia.org/resource/Template:Infobox_programming_language",
          "http://dbpedia.org/resource/Template:Reflist"
        ]
      },
      {
        "Property": "http://dbpedia.org/property/designer",
        "Values": [
          "http://dbpedia.org/resource/Corrado_B\u00f6hm"
        ]
      },
      {
        "Property": "http://dbpedia.org/property/influenced",
        "Values": [
          "http://dbpedia.org/resource/Brainfuck"
        ]
      },
      {
        "Property": "http://dbpedia.org/property/paradigm",
        "Values": [
          "http://dbpedia.org/resource/Structured_programming",
          "http://dbpedia.org/resource/Imperative_programming"
        ]
      },
      {
        "Property": "http://dbpedia.org/property/released",
        "Values": [
          "1964"
        ]
      },
      {
        "Property": "http://dbpedia.org/property/typing",
        "Values": [
          "untyped"
        ]
      },
      {
        "Property": "http://dbpedia.org/ontology/abstract",
        "Values": [
          "P\u2032\u2032 \u00e9 uma linguagem de programa\u00e7\u00e3o primitiva criada por Corrado B\u00f6hm em 1964 para descrever uma fam\u00edlia de M\u00e1quinas de Turing. Foi a primeira linguagem de programa\u00e7\u00e3o sem instru\u00e7\u00e3o estruturada Ir Para a ser provada Turing completa.",
          "(denotado tambi\u00e9n simplemente P\u2032\u2032) es un lenguaje de programaci\u00f3n esot\u00e9rico, creado por Corrado B\u00f6hm\u200b\u200b en 1964 para describir a una familia de m\u00e1quinas de Turing.",
          "P\u2032\u2032 \uff08P double prime\uff1a\u30d4\u30fc\u30c0\u30d6\u30eb\u30d7\u30e9\u30a4\u30e0\uff09\u306f1964\u5e74\u306b\u30b3\u30e9\u30c9\u30fb\u30d9\u30fc\u30e0\u306b\u3088\u3063\u3066\u4f5c\u6210\u3055\u308c\u305f\u3001\u30c1\u30e5\u30fc\u30ea\u30f3\u30b0\u30de\u30b7\u30f3\u306e\u4e00\u7a2e\u3092\u8a18\u8ff0\u3059\u308b\u305f\u3081\u306e\u8a00\u8a9e\u3067\u3042\u308b\u3002 \u30c1\u30e5\u30fc\u30ea\u30f3\u30b0\u30de\u30b7\u30f3\u3092\u8a18\u8ff0\u3059\u308b\u304c\u3086\u3048\u306b\u305d\u306e\u4ed5\u69d8\u306f\u539f\u59cb\u7684\u3067\u3042\u308b\u3002\u30c1\u30e5\u30fc\u30ea\u30f3\u30b0\u30de\u30b7\u30f3\u306b\u3082\u304b\u304b\u308f\u3089\u305a\u3001\u72b6\u614b\u9077\u79fb\u306f\u30c6\u30fc\u30d7\u306e\u5185\u5bb9\u3068\u30c6\u30fc\u30d7\u30d8\u30c3\u30c9\u306e\u4f4d\u7f6e\u3060\u3051\u3067\u8868\u73fe\u3055\u308c\u308b\u306e\u3067\u3001\u6709\u9650\u30aa\u30fc\u30c8\u30de\u30c8\u30f3\u306e\u6982\u5ff5\u304c\u5e0c\u8584\u3067\u3042\u308b\u3002",
          "P\u2032\u2032 \u2014 \u043d\u0438\u0437\u044c\u043a\u043e\u0440\u0456\u0432\u043d\u0435\u0432\u0430 \u043c\u043e\u0432\u0430 \u043f\u0440\u043e\u0433\u0440\u0430\u043c\u0443\u0432\u0430\u043d\u043d\u044f, \u044f\u043a\u0443 \u0441\u0442\u0432\u043e\u0440\u0438\u0432 1964 \u0440\u043e\u043a\u0443 .",
          "P\u2032\u2032 \u2014 \u043d\u0438\u0437\u043a\u043e\u0443\u0440\u043e\u0432\u043d\u0435\u0432\u044b\u0439 \u044f\u0437\u044b\u043a \u043f\u0440\u043e\u0433\u0440\u0430\u043c\u043c\u0438\u0440\u043e\u0432\u0430\u043d\u0438\u044f, \u0441\u043e\u0437\u0434\u0430\u043d\u043d\u044b\u0439 \u0432 1964 \u0433\u043e\u0434\u0443 \u041a\u043e\u0440\u0440\u0430\u0434\u043e \u0411\u0451\u043c\u043e\u043c.",
          "P\u2032\u2032 (P double prime) is a primitive computer programming language created by Corrado B\u00f6hm in 1964 to describe a family of Turing machines."
        ]
      },
      {
        "Property": "http://dbpedia.org/property/dialects",
        "Values": [
          "http://dbpedia.org/resource/Brainfuck"
        ]
      },
      {
        "Property": "http://purl.org/linguistics/gold/hypernym",
        "Values": [
          "http://dbpedia.org/resource/Language"
        ]
      },
      {
        "Property": "http://www.w3.org/ns/prov#wasDerivedFrom",
        "Values": [
          "http://en.wikipedia.org/wiki/P\u2032\u2032?oldid=1115439484&ns=0"
        ]
      },
      {
        "Property": "http://dbpedia.org/ontology/wikiPageLength",
        "Values": [
          "5793"
        ]
      },
      {
        "Property": "http://dbpedia.org/ontology/designer",
        "Values": [
          "http://dbpedia.org/resource/Corrado_B\u00f6hm"
        ]
      },
      {
        "Property": "http://dbpedia.org/ontology/influenced",
        "Values": [
          "http://dbpedia.org/resource/Brainfuck"
        ]
      },
      {
        "Property": "http://xmlns.com/foaf/0.1/isPrimaryTopicOf",
        "Values": [
          "http://en.wikipedia.org/wiki/P\u2032\u2032"
        ]
      }
    ]
  }
]